{
  "id": "",
  "name": "",
  "font_family": "iconfont",
  "css_prefix_text": "icon-",
  "description": "",
  "glyphs": [
    {
      "icon_id": "623831",
      "name": "联系我们-地标",
      "font_class": "lianxiwomendibiao",
      "unicode": "e632",
      "unicode_decimal": 58930
    },
    {
      "icon_id": "1188721",
      "name": "微信",
      "font_class": "weixin",
      "unicode": "e600",
      "unicode_decimal": 58880
    },
    {
      "icon_id": "4251720",
      "name": "电话",
      "font_class": "dianhua",
      "unicode": "e63c",
      "unicode_decimal": 58940
    },
    {
      "icon_id": "12684938",
      "name": "首页",
      "font_class": "icon_huabanfuben",
      "unicode": "e625",
      "unicode_decimal": 58917
    }
  ]
}
